Tシャツ/カットソー(半袖/袖なし),sampleです,159,sample,1,1,1,1,100000,1,1
Tシャツ/カットソー(七分/長袖),sampleです,160,sample,1,1,1,1,100000,1,1
テーラードジャケット,sampleです,177,sample,1,1,1,1,100000,1,1
ノーカラージャケット,sampleです,178,sample,1,1,1,1,100000,1,1
デニム/ジーンズ,sampleです,198,sample,1,1,1,1,100000,1,1
ショートパンツ,sampleです,199,sample,1,1,1,1,100000,1,1
ミニスカート,sampleです,210,sample,1,1,1,1,100000,1,1
ひざ丈スカート,sampleです,211,sample,1,1,1,1,100000,1,1
ミニワンピース,sampleです,215,sample,1,1,1,1,100000,1,1
ひざ丈ワンピース,sampleです,216,sample,1,1,1,1,100000,1,1
ハイヒール/パンプス,sampleです,219,sample,1,1,1,1,100000,1,1
ブーツ,sampleです,220,sample,1,1,1,1,100000,1,1
パジャマ,sampleです,229,sample,1,1,1,1,100000,1,1
ルームウェア,sampleです,230,sample,1,1,1,1,100000,1,1
ソックス,sampleです,231,sample,1,1,1,1,100000,1,1
スパッツ/レギンス,sampleです,232,sample,1,1,1,1,100000,1,1
ニットキャップ/ビーニー,sampleです,236,sample,1,1,1,1,100000,1,1
ハット,sampleです,237,sample,1,1,1,1,100000,1,1
ハンドバッグ,sampleです,243,sample,1,1,1,1,100000,1,1
トートバッグ,sampleです,244,sample,1,1,1,1,100000,1,1
ネックレス,sampleです,261,sample,1,1,1,1,100000,1,1
ブレスレット,sampleです,262,sample,1,1,1,1,100000,1,1
ヘアゴム/シュシュ,sampleです,272,sample,1,1,1,1,100000,1,1
ヘアバンド/カチューシャ,sampleです,273,sample,1,1,1,1,100000,1,1
長財布,sampleです,276,sample,1,1,1,1,100000,1,1
折り財布,sampleです,277,sample,1,1,1,1,100000,1,1
腕時計(アナログ),sampleです,299,sample,1,1,1,1,100000,1,1
腕時計(デジタル),sampleです,300,sample,1,1,1,1,100000,1,1
前髪ウィッグ,sampleです,305,sample,1,1,1,1,100000,1,1
ロングストレート,sampleです,306,sample,1,1,1,1,100000,1,1
浴衣,sampleです,311,sample,1,1,1,1,100000,1,1
着物,sampleです,312,sample,1,1,1,1,100000,1,1
スカートスーツ上下,sampleです,319,sample,1,1,1,1,100000,1,1
パンツスーツ上下,sampleです,320,sample,1,1,1,1,100000,1,1
トップス,sampleです,326,sample,1,1,1,1,100000,1,1
アウター,sampleです,327,sample,1,1,1,1,100000,1,1
コスプレ,sampleです,335,sample,1,1,1,1,100000,1,1
下着,sampleです,336,sample,1,1,1,1,100000,1,1
Tシャツ/カットソー(半袖/袖なし),sampleです,338,sample,1,1,1,1,100000,1,1
Tシャツ/カットソー(七分/長袖),sampleです,339,sample,1,1,1,1,100000,1,1
テーラードジャケット,sampleです,350,sample,1,1,1,1,100000,1,1
ノーカラージャケット,sampleです,351,sample,1,1,1,1,100000,1,1
デニム/ジーンズ,sampleです,373,sample,1,1,1,1,100000,1,1
ワークパンツ/カーゴパンツ,sampleです,374,sample,1,1,1,1,100000,1,1
スニーカー,sampleです,382,sample,1,1,1,1,100000,1,1
サンダル,sampleです,383,sample,1,1,1,1,100000,1,1
ショルダーバッグ,sampleです,390,sample,1,1,1,1,100000,1,1
トートバッグ,sampleです,391,sample,1,1,1,1,100000,1,1
スーツジャケット,sampleです,402,sample,1,1,1,1,100000,1,1
スーツベスト,sampleです,403,sample,1,1,1,1,100000,1,1
キャップ,sampleです,407,sample,1,1,1,1,100000,1,1
ハット,sampleです,408,sample,1,1,1,1,100000,1,1
ネックレス,sampleです,414,sample,1,1,1,1,100000,1,1
ブレスレット,sampleです,415,sample,1,1,1,1,100000,1,1
長財布,sampleです,422,sample,1,1,1,1,100000,1,1
折り財布,sampleです,423,sample,1,1,1,1,100000,1,1
腕時計(アナログ),sampleです,451,sample,1,1,1,1,100000,1,1
腕時計(デジタル),sampleです,452,sample,1,1,1,1,100000,1,1
一般水着,sampleです,457,sample,1,1,1,1,100000,1,1
スポーツ用,sampleです,458,sample,1,1,1,1,100000,1,1
ソックス,sampleです,461,sample,1,1,1,1,100000,1,1
レギンス/スパッツ,sampleです,462,sample,1,1,1,1,100000,1,1
トランクス,sampleです,465,sample,1,1,1,1,100000,1,1
ボクサーパンツ,sampleです,466,sample,1,1,1,1,100000,1,1
トップス,sampleです,468,sample,1,1,1,1,100000,1,1
アウター,sampleです,469,sample,1,1,1,1,100000,1,1
トップス,sampleです,479,sample,1,1,1,1,100000,1,1
アウター,sampleです,480,sample,1,1,1,1,100000,1,1
トップス,sampleです,487,sample,1,1,1,1,100000,1,1
アウター,sampleです,488,sample,1,1,1,1,100000,1,1
コート,sampleです,495,sample,1,1,1,1,100000,1,1
ジャケット/上着,sampleです,496,sample,1,1,1,1,100000,1,1
コート,sampleです,513,sample,1,1,1,1,100000,1,1
ジャケット/上着,sampleです,514,sample,1,1,1,1,100000,1,1
コート,sampleです,527,sample,1,1,1,1,100000,1,1
ジャケット/上着,sampleです,528,sample,1,1,1,1,100000,1,1
スニーカー,sampleです,535,sample,1,1,1,1,100000,1,1
サンダル,sampleです,536,sample,1,1,1,1,100000,1,1
靴下/スパッツ,sampleです,540,sample,1,1,1,1,100000,1,1
帽子,sampleです,541,sample,1,1,1,1,100000,1,1
おむつ用品,sampleです,554,sample,1,1,1,1,100000,1,1
おまる/補助便座,sampleです,555,sample,1,1,1,1,100000,1,1
ベビーカー,sampleです,560,sample,1,1,1,1,100000,1,1
抱っこひも/スリング,sampleです,561,sample,1,1,1,1,100000,1,1
ミルク,sampleです,564,sample,1,1,1,1,100000,1,1
ベビーフード,sampleです,565,sample,1,1,1,1,100000,1,1
ベッド,sampleです,568,sample,1,1,1,1,100000,1,1
イス,sampleです,570,sample,1,1,1,1,100000,1,1
おふろのおもちゃ,sampleです,573,sample,1,1,1,1,100000,1,1
がらがら,sampleです,574,sample,1,1,1,1,100000,1,1
お宮参り用品,sampleです,580,sample,1,1,1,1,100000,1,1
お食い初め用品,sampleです,581,sample,1,1,1,1,100000,1,1
母子手帳用品,sampleです,585,sample,1,1,1,1,100000,1,1
食器,sampleです,587,sample,1,1,1,1,100000,1,1
調理器具,sampleです,588,sample,1,1,1,1,100000,1,1
セミシングルベッド,sampleです,598,sample,1,1,1,1,100000,1,1
シングルベッド,sampleです,599,sample,1,1,1,1,100000,1,1
ソファセット,sampleです,612,sample,1,1,1,1,100000,1,1
シングルソファ,sampleです,613,sample,1,1,1,1,100000,1,1
一般,sampleです,625,sample,1,1,1,1,100000,1,1
スツール,sampleです,626,sample,1,1,1,1,100000,1,1
こたつ,sampleです,634,sample,1,1,1,1,100000,1,1
カウンターテーブル,sampleです,635,sample,1,1,1,1,100000,1,1
リビング収納,sampleです,644,sample,1,1,1,1,100000,1,1
キッチン収納,sampleです,645,sample,1,1,1,1,100000,1,1
ラグ,sampleです,656,sample,1,1,1,1,100000,1,1
カーペット,sampleです,657,sample,1,1,1,1,100000,1,1
カーテン,sampleです,662,sample,1,1,1,1,100000,1,1
ブラインド,sampleです,663,sample,1,1,1,1,100000,1,1
蛍光灯/電球,sampleです,667,sample,1,1,1,1,100000,1,1
天井照明,sampleです,668,sample,1,1,1,1,100000,1,1
布団/毛布,sampleです,671,sample,1,1,1,1,100000,1,1
枕,sampleです,672,sample,1,1,1,1,100000,1,1
ごみ箱,sampleです,675,sample,1,1,1,1,100000,1,1
ウェルカムボード,sampleです,676,sample,1,1,1,1,100000,1,1
正月,sampleです,698,sample,1,1,1,1,100000,1,1
成人式,sampleです,699,sample,1,1,1,1,100000,1,1
文学/小説,sampleです,714,sample,1,1,1,1,100000,1,1
人文/社会,sampleです,715,sample,1,1,1,1,100000,1,1
全巻セット,sampleです,728,sample,1,1,1,1,100000,1,1
少年漫画,sampleです,729,sample,1,1,1,1,100000,1,1
アート/エンタメ/ホビー,sampleです,735,sample,1,1,1,1,100000,1,1
ファッション,sampleです,736,sample,1,1,1,1,100000,1,1
邦楽,sampleです,740,sample,1,1,1,1,100000,1,1
洋楽,sampleです,741,sample,1,1,1,1,100000,1,1
外国映画,sampleです,747,sample,1,1,1,1,100000,1,1
日本映画,sampleです,748,sample,1,1,1,1,100000,1,1
邦楽,sampleです,756,sample,1,1,1,1,100000,1,1
洋楽,sampleです,757,sample,1,1,1,1,100000,1,1
家庭用ゲーム本体,sampleです,759,sample,1,1,1,1,100000,1,1
家庭用ゲームソフト,sampleです,760,sample,1,1,1,1,100000,1,1
キャラクターグッズ,sampleです,765,sample,1,1,1,1,100000,1,1
ぬいぐるみ,sampleです,766,sample,1,1,1,1,100000,1,1
アイドル,sampleです,775,sample,1,1,1,1,100000,1,1
ミュージシャン,sampleです,776,sample,1,1,1,1,100000,1,1
ストラップ,sampleです,780,sample,1,1,1,1,100000,1,1
キーホルダー,sampleです,781,sample,1,1,1,1,100000,1,1
遊戯王,sampleです,788,sample,1,1,1,1,100000,1,1
マジック：ザ・ギャザリング,sampleです,789,sample,1,1,1,1,100000,1,1
コミック/アニメ,sampleです,802,sample,1,1,1,1,100000,1,1
特撮,sampleです,803,sample,1,1,1,1,100000,1,1
エレキギター,sampleです,810,sample,1,1,1,1,100000,1,1
アコースティックギター,sampleです,811,sample,1,1,1,1,100000,1,1
武具,sampleです,825,sample,1,1,1,1,100000,1,1
使用済切手/官製はがき,sampleです,826,sample,1,1,1,1,100000,1,1
トイガン,sampleです,831,sample,1,1,1,1,100000,1,1
個人装備,sampleです,832,sample,1,1,1,1,100000,1,1
陶芸,sampleです,834,sample,1,1,1,1,100000,1,1
ガラス,sampleです,835,sample,1,1,1,1,100000,1,1
画材,sampleです,844,sample,1,1,1,1,100000,1,1
額縁,sampleです,845,sample,1,1,1,1,100000,1,1
トランプ/UNO,sampleです,847,sample,1,1,1,1,100000,1,1
カルタ/百人一首,sampleです,848,sample,1,1,1,1,100000,1,1
ファンデーション,sampleです,866,sample,1,1,1,1,100000,1,1
化粧下地,sampleです,867,sample,1,1,1,1,100000,1,1
アイシャドウ,sampleです,875,sample,1,1,1,1,100000,1,1
口紅,sampleです,876,sample,1,1,1,1,100000,1,1
ネイルカラー,sampleです,891,sample,1,1,1,1,100000,1,1
カラージェル,sampleです,892,sample,1,1,1,1,100000,1,1
香水(女性用),sampleです,900,sample,1,1,1,1,100000,1,1
香水(男性用),sampleです,901,sample,1,1,1,1,100000,1,1
化粧水/ローション,sampleです,905,sample,1,1,1,1,100000,1,1
乳液/ミルク,sampleです,906,sample,1,1,1,1,100000,1,1
シャンプー,sampleです,919,sample,1,1,1,1,100000,1,1
トリートメント,sampleです,920,sample,1,1,1,1,100000,1,1
オイル/クリーム,sampleです,927,sample,1,1,1,1,100000,1,1
ハンドクリーム,sampleです,928,sample,1,1,1,1,100000,1,1
口臭防止/エチケット用品,sampleです,936,sample,1,1,1,1,100000,1,1
歯ブラシ,sampleです,937,sample,1,1,1,1,100000,1,1
エッセンシャルオイル,sampleです,939,sample,1,1,1,1,100000,1,1
芳香器,sampleです,940,sample,1,1,1,1,100000,1,1
ダイエット食品,sampleです,945,sample,1,1,1,1,100000,1,1
エクササイズ用品,sampleです,946,sample,1,1,1,1,100000,1,1
健康用品,sampleです,950,sample,1,1,1,1,100000,1,1
看護/介護用品,sampleです,951,sample,1,1,1,1,100000,1,1
スマートフォン本体,sampleです,954,sample,1,1,1,1,100000,1,1
バッテリー/充電器,sampleです,955,sample,1,1,1,1,100000,1,1
Android用ケース,sampleです,959,sample,1,1,1,1,100000,1,1
iPhone用ケース,sampleです,960,sample,1,1,1,1,100000,1,1
タブレット,sampleです,967,sample,1,1,1,1,100000,1,1
ノートPC,sampleです,968,sample,1,1,1,1,100000,1,1
デジタルカメラ,sampleです,975,sample,1,1,1,1,100000,1,1
ビデオカメラ,sampleです,976,sample,1,1,1,1,100000,1,1
テレビ,sampleです,982,sample,1,1,1,1,100000,1,1
プロジェクター,sampleです,983,sample,1,1,1,1,100000,1,1
ポータブルプレーヤー,sampleです,990,sample,1,1,1,1,100000,1,1
イヤフォン,sampleです,991,sample,1,1,1,1,100000,1,1
ヘアドライヤー,sampleです,998,sample,1,1,1,1,100000,1,1
ヘアアイロン,sampleです,999,sample,1,1,1,1,100000,1,1
エアコン,sampleです,1004,sample,1,1,1,1,100000,1,1
空気清浄器,sampleです,1005,sample,1,1,1,1,100000,1,1
冷蔵庫,sampleです,1017,sample,1,1,1,1,100000,1,1
洗濯機,sampleです,1018,sample,1,1,1,1,100000,1,1
その他,sampleです,1028,sample,1,1,1,1,100000,1,1
クラブ,sampleです,1029,sample,1,1,1,1,100000,1,1
バッグ,sampleです,1032,sample,1,1,1,1,100000,1,1
ロッド,sampleです,1037,sample,1,1,1,1,100000,1,1
リール,sampleです,1038,sample,1,1,1,1,100000,1,1
自転車本体,sampleです,1043,sample,1,1,1,1,100000,1,1
パーツ,sampleです,1045,sample,1,1,1,1,100000,1,1
ランニング,sampleです,1050,sample,1,1,1,1,100000,1,1
ウォーキング,sampleです,1051,sample,1,1,1,1,100000,1,1
ウェア,sampleです,1055,sample,1,1,1,1,100000,1,1
シューズ,sampleです,1056,sample,1,1,1,1,100000,1,1
ウェア,sampleです,1065,sample,1,1,1,1,100000,1,1
シューズ,sampleです,1066,sample,1,1,1,1,100000,1,1
ラケット(硬式用),sampleです,1072,sample,1,1,1,1,100000,1,1
ラケット(軟式用),sampleです,1073,sample,1,1,1,1,100000,1,1
ボード,sampleです,1081,sample,1,1,1,1,100000,1,1
バインディング,sampleです,1082,sample,1,1,1,1,100000,1,1
板,sampleです,1092,sample,1,1,1,1,100000,1,1
ブーツ(男性用),sampleです,1093,sample,1,1,1,1,100000,1,1
ダンス/バレエ,sampleです,1102,sample,1,1,1,1,100000,1,1
サーフィン,sampleです,1103,sample,1,1,1,1,100000,1,1
テント/タープ,sampleです,1114,sample,1,1,1,1,100000,1,1
ライト/ランタン,sampleです,1115,sample,1,1,1,1,100000,1,1
旅行用品,sampleです,1123,sample,1,1,1,1,100000,1,1
ピアス,sampleです,1125,sample,1,1,1,1,100000,1,1
イヤリング,sampleです,1126,sample,1,1,1,1,100000,1,1
バッグ(女性用),sampleです,1134,sample,1,1,1,1,100000,1,1
バッグ(男性用),sampleです,1135,sample,1,1,1,1,100000,1,1
アクセサリー(男性用),sampleです,1140,sample,1,1,1,1,100000,1,1
時計(女性用),sampleです,1141,sample,1,1,1,1,100000,1,1
キッチン用品,sampleです,1144,sample,1,1,1,1,100000,1,1
家具,sampleです,1145,sample,1,1,1,1,100000,1,1
クラフト/布製品,sampleです,1151,sample,1,1,1,1,100000,1,1
おもちゃ/人形,sampleです,1152,sample,1,1,1,1,100000,1,1
ファッション雑貨,sampleです,1154,sample,1,1,1,1,100000,1,1
スタイ/よだれかけ,sampleです,1155,sample,1,1,1,1,100000,1,1
各種パーツ,sampleです,1159,sample,1,1,1,1,100000,1,1
生地/糸,sampleです,1160,sample,1,1,1,1,100000,1,1
Ingress,sampleです,1163,sample,1,1,1,1,100000,1,1
クリエイターズ宇宙兄弟,sampleです,1164,sample,1,1,1,1,100000,1,1
男性アイドル,sampleです,1165,sample,1,1,1,1,100000,1,1
女性アイドル,sampleです,1166,sample,1,1,1,1,100000,1,1
サッカー,sampleです,1173,sample,1,1,1,1,100000,1,1
野球,sampleです,1174,sample,1,1,1,1,100000,1,1
ミュージカル,sampleです,1184,sample,1,1,1,1,100000,1,1
演劇,sampleです,1185,sample,1,1,1,1,100000,1,1
声優/アニメ,sampleです,1193,sample,1,1,1,1,100000,1,1
キッズ/ファミリー,sampleです,1194,sample,1,1,1,1,100000,1,1
邦画,sampleです,1197,sample,1,1,1,1,100000,1,1
洋画,sampleです,1198,sample,1,1,1,1,100000,1,1
遊園地/テーマパーク,sampleです,1200,sample,1,1,1,1,100000,1,1
美術館/博物館,sampleです,1201,sample,1,1,1,1,100000,1,1
ショッピング,sampleです,1210,sample,1,1,1,1,100000,1,1
レストラン/食事券,sampleです,1211,sample,1,1,1,1,100000,1,1
国内自動車本体,sampleです,1215,sample,1,1,1,1,100000,1,1
外国自動車本体,sampleです,1216,sample,1,1,1,1,100000,1,1
タイヤ/ホイールセット,sampleです,1217,sample,1,1,1,1,100000,1,1
ホイール,sampleです,1219,sample,1,1,1,1,100000,1,1
サスペンション,sampleです,1221,sample,1,1,1,1,100000,1,1
ブレーキ,sampleです,1222,sample,1,1,1,1,100000,1,1
車内アクセサリー,sampleです,1235,sample,1,1,1,1,100000,1,1
カーナビ,sampleです,1236,sample,1,1,1,1,100000,1,1
タイヤ,sampleです,1247,sample,1,1,1,1,100000,1,1
マフラー,sampleです,1248,sample,1,1,1,1,100000,1,1
ヘルメット/シールド,sampleです,1263,sample,1,1,1,1,100000,1,1
バイクウエア/装備,sampleです,1264,sample,1,1,1,1,100000,1,1
ペットフード,sampleです,1269,sample,1,1,1,1,100000,1,1
犬用品,sampleです,1270,sample,1,1,1,1,100000,1,1
菓子,sampleです,1279,sample,1,1,1,1,100000,1,1
米,sampleです,1280,sample,1,1,1,1,100000,1,1
コーヒー,sampleです,1288,sample,1,1,1,1,100000,1,1
ソフトドリンク,sampleです,1289,sample,1,1,1,1,100000,1,1
タオル/バス用品,sampleです,1299,sample,1,1,1,1,100000,1,1
日用品/生活雑貨,sampleです,1300,sample,1,1,1,1,100000,1,1
雑貨,sampleです,1305,sample,1,1,1,1,100000,1,1
工芸品,sampleです,1306,sample,1,1,1,1,100000,1,1
筆記具,sampleです,1310,sample,1,1,1,1,100000,1,1
ノート/メモ帳,sampleです,1311,sample,1,1,1,1,100000,1,1
オフィス用品一般,sampleです,1320,sample,1,1,1,1,100000,1,1
オフィス家具,sampleです,1321,sample,1,1,1,1,100000,1,1